<?xml version="1.0" encoding="UTF-8"?>
<beans xmlns="http://www.springframework.org/schema/beans"
	xmlns:xsi="http://www.w3.org/2001/XMLSchema-instance"
	xsi:schemaLocation="http://www.springframework.org/schema/beans http://www.springframework.org/schema/beans/spring-beans.xsd">

	<bean
		class="org.springframework.web.servlet.handler.SimpleUrlHandlerMapping">
		<property name="mappings">
			<props>
				<prop key="/about-us.htm">aboutUsController</prop>
			</props>
		</property>
	</bean>
	<bean
		class="org.springframework.web.servlet.handler.BeanNameUrlHandlerMapping" />

	<bean id="aboutUsController"
		class="com.hmw.controller.AboutUsController" />
	<bean name="/deals.htm" class="com.hmw.controller.DealsController" />

	<bean
		class="org.springframework.web.servlet.view.InternalResourceViewResolver">
		<property name="prefix" value="/WEB-INF/jsp/" />
		<property name="suffix" value=".jsp" />
	</bean>
</beans>










