<?xml version="1.0" encoding="UTF-8"?>
<beans xmlns="http://www.springframework.org/schema/beans"
	xmlns:xsi="http://www.w3.org/2001/XMLSchema-instance"
	xmlns:aop="http://www.springframework.org/schema/aop"
	xsi:schemaLocation="http://www.springframework.org/schema/beans http://www.springframework.org/schema/beans/spring-beans.xsd
		http://www.springframework.org/schema/aop http://www.springframework.org/schema/aop/spring-aop-4.3.xsd">

	<bean id="calculator" class="com.aa.beans.Calculator" />
	<bean id="loggingAspect" class="com.aa.aspect.LoggingAspect" />
	<bean id="cache" class="com.aa.helper.Cache"
		factory-method="getInstance" />

	<bean id="cacheAspect" class="com.aa.aspect.CacheAspect">
		<property name="cache" ref="cache" />
	</bean>

	<aop:config>
		<aop:pointcut
			expression="execution(* com.aa.beans.Calculator.add(..))"
			id="commonPointcut" />

		<aop:aspect ref="loggingAspect" order="2">
			<aop:around method="log" pointcut-ref="commonPointcut" />
		</aop:aspect>
		<aop:aspect ref="cacheAspect" order="1">
			<aop:around method="applyCache"
				pointcut-ref="commonPointcut" />
		</aop:aspect>
	</aop:config>

</beans>











