<?xml version="1.0" encoding="UTF-8"?>
<beans xmlns="http://www.springframework.org/schema/beans"
	xmlns:xsi="http://www.w3.org/2001/XMLSchema-instance"
	xmlns:aop="http://www.springframework.org/schema/aop"
	xmlns:tx="http://www.springframework.org/schema/tx"
	xsi:schemaLocation="http://www.springframework.org/schema/beans http://www.springframework.org/schema/beans/spring-beans.xsd
		http://www.springframework.org/schema/aop http://www.springframework.org/schema/aop/spring-aop-4.3.xsd
		http://www.springframework.org/schema/tx http://www.springframework.org/schema/tx/spring-tx-4.3.xsd">

	<tx:advice id="txAdvice"
		transaction-manager="transactionManager">
		<tx:attributes>
			<tx:method name="get*" read-only="true" />
			<tx:method name="*" read-only="false" />
		</tx:attributes>
	</tx:advice>

	<aop:config>
		<aop:pointcut
			expression="within(com.gpbeneficiaries.service.*)" id="txPointcut" />
		<aop:advisor advice-ref="txAdvice"
			pointcut-ref="txPointcut" />
	</aop:config>


</beans>










