<?xml version="1.0" encoding="UTF-8"?>
<beans xmlns="http://www.springframework.org/schema/beans"
	xmlns:xsi="http://www.w3.org/2001/XMLSchema-instance"
	xsi:schemaLocation="http://www.springframework.org/schema/beans http://www.springframework.org/schema/beans/spring-beans.xsd">

	<bean id="findPlansReplacer"
		class="com.mr.beans.FindPlansReplacer" />

	<bean id="planFinder" class="com.mr.beans.PlanFinder">
		<replaced-method name="findPlans"
			replacer="findPlansReplacer">
			<arg-type>java.lang.String</arg-type>
			<arg-type>int</arg-type>
			<arg-type>int</arg-type>
			<arg-type>boolean</arg-type>
		</replaced-method>
	</bean>
</beans>
