<?xml version="1.0" encoding="UTF-8"?>
<beans xmlns="http://www.springframework.org/schema/beans"
	xmlns:xsi="http://www.w3.org/2001/XMLSchema-instance"
	xmlns:aop="http://www.springframework.org/schema/aop"
	xsi:schemaLocation="http://www.springframework.org/schema/beans http://www.springframework.org/schema/beans/spring-beans.xsd
		http://www.springframework.org/schema/aop http://www.springframework.org/schema/aop/spring-aop-4.3.xsd">

	<bean id="loanManager" class="com.mba.beans.LoanManager" />

	<bean id="authenticationManager"
		class="com.mba.security.helper.AuthenticationManager"
		factory-method="getInstance" />

	<bean id="securityAuditAspect"
		class="com.mba.aspect.SecurityAuditAspect">
		<constructor-arg ref="authenticationManager" />
	</bean>

	<aop:config>
		<aop:pointcut
			expression="execution(* com.mba.beans.LoanManager.*(..))"
			id="securityAuditPointcut" />

		<aop:aspect ref="securityAuditAspect">
			<aop:before method="audit"
				pointcut-ref="securityAuditPointcut" />
			<aop:before method="applySecurity"
				pointcut-ref="securityAuditPointcut" />
		</aop:aspect>
	</aop:config>
</beans>
