<?xml version="1.0" encoding="UTF-8"?>
<beans xmlns="http://www.springframework.org/schema/beans"
	xmlns:xsi="http://www.w3.org/2001/XMLSchema-instance"
	xsi:schemaLocation="http://www.springframework.org/schema/beans http://www.springframework.org/schema/beans/spring-beans.xsd">

	<bean
		class="org.springframework.web.servlet.handler.SimpleUrlHandlerMapping">
		<property name="mappings">
			<props>
				<prop key="/book-appointment.htm">showBookAppointmentController</prop>
				<prop key="/doBookAppointment.htm">bookAppointmentController</prop>
			</props>
		</property>
	</bean>

	<bean id="showBookAppointmentController"
		class="org.springframework.web.servlet.mvc.ParameterizableViewController">
		<property name="viewName" value="book-appointment" />
	</bean>

	<bean id="bookAppointmentController"
		class="com.ac.controller.BookAppointmentController" />

	<bean
		class="org.springframework.web.servlet.view.InternalResourceViewResolver">
		<property name="prefix" value="/WEB-INF/jsp/" />
		<property name="suffix" value=".jsp" />
	</bean>

</beans>
