<?xml version="1.0" encoding="UTF-8"?>
<beans xmlns="http://www.springframework.org/schema/beans"
	xmlns:xsi="http://www.w3.org/2001/XMLSchema-instance"
	xmlns:context="http://www.springframework.org/schema/context"
	xsi:schemaLocation="http://www.springframework.org/schema/beans http://www.springframework.org/schema/beans/spring-beans.xsd
		http://www.springframework.org/schema/context http://www.springframework.org/schema/context/spring-context-4.3.xsd">

	<!-- <bean id="tuner1" class="com.annotation5.autowire.Tuner">
		<property name="tunerType" value="manual Tuner" />
	</bean>
	
	<bean id="tuner" class="com.annotation5.autowire.Tuner">
		<property name="tunerType" value="digital tuner" />
		<qualifier value="digitalTuner"/>
	</bean> -->

	<bean id="radio" class="com.annotation5.autowire.Radio" />
	<context:annotation-config />
</beans>
